Date,AAL,AAPL,ADBE,ADI,ADP,ADSK,AKAM,ALXN,AMAT,AMGN,AMZN,ATVI,AVGO,BBBY,BIDU,BIIB,BMRN,CA,CELG,CERN,CHKP,CHTR,CMCSA,COST,CSCO,CSX,CTRP,CTSH,CTXS,DISCA,DISCK,DISH,DLTR,EA,EBAY,ENDP,ESRX,EXPE,FAST,FB,FISV,FOX,FOXA,GILD,GOOG,GOOGL,HSIC,ILMN,INCY,INTC,INTU,ISRG,JD,LBTYA,LBTYK,LLTC,LRCX,LVNTA,MAR,MAT,MDLZ,MNST,MSFT,MU,MXIM,MYL,NCLH,NFLX,NTAP,NTES,NVDA,NXPI,ORLY,PAYX,PCAR,PCLN,QCOM,QVCA,REGN,ROST,SBAC,SBUX,SIRI,SRCL,STX,SWKS,SYMC,TMUS,TRIP,TSCO,TSLA,TXN,ULTA,VIAB,VOD,VRSK,VRTX,WBA,WDC,WFM
2015-01-02,53.151581,106.27121,72.339996,53.222485,80.307617,59.529999,63.25,186.600006,24.211937,154.641144,308.519989,19.765196,98.262169,76.505966,223.080002,342.01001,92.169998,29.139198,113.519997,65.029999,78.459999,166.429993,55.661312,134.87738,26.28269,34.543076,22.610001,52.669998,63.48,34.48,33.439999,72.269997,70.349998,46.869999,23.657408,72.150002,84.650002,84.719719,45.466789,78.449997,70.620003,35.962631,37.272804,92.819321,524.812378,529.549988,136.839996,185.419998,73.760002,34.690315,89.426506,525.570007,24.02,50.099998,48.34,44.114174,77.754616,37.16,76.166237,27.951488,35.912579,108.160004,44.882324,34.75,30.084686,56.349998,46.700001,49.848572,40.067936,96.608948,19.678589,76.809998,192.110001,43.981869,64.570992,1142.060059,70.669189,28.92,410.160004,46.203354,110.970001,39.931202,3.48,131.639999,59.962616,72.041565,19.818064,27.299999,74.589996,77.024643,219.309998,51.404266,126.839996,71.816063,31.332546,63.970001,123.07,74.067596,105.162399,48.869347
2015-01-05,51.28817,108.876236,71.839996,52.436699,81.532135,58.27,60.779999,184.270004,23.513517,150.617706,296.929993,18.557487,102.984337,73.873665,226.899994,342.339996,93.779999,29.54747,113.669998,64.949997,80.580002,161.979996,54.847706,136.506088,26.454037,33.145939,23.405001,54.119999,61.110001,32.029999,31.17,71.790001,69.459999,47.509998,23.4133,77.959999,84.900002,86.488007,44.114296,77.739998,72.07,33.323532,34.840473,99.958511,496.172241,500.720001,141.210007,194.800003,72.029999,35.071945,86.495422,520.869995,24.940001,47.599998,46,43.797699,78.028648,37.009998,77.126274,26.694727,36.332325,117.040001,45.295059,33.529999,31.368326,55.84,45.200001,47.041428,39.449135,101.272697,19.492851,80.32,187.809998,44.837917,61.804344,1051.959961,70.802383,28.379999,411.040009,46.927975,110.849998,39.122185,3.53,131.919998,60.344086,72.788315,19.639942,29.25,74.529999,78.849876,206.660004,51.519608,131.570007,68.263351,31.314131,63.09,122.209999,73.745987,106.867012,48.693874
2015-01-12,49.109261,103.024651,71.730003,51.449677,81.541779,56.849998,59.220001,180.440002,22.766594,153.229065,290.73999,19.883022,101.924057,73.325272,220.199997,352.75,99.449997,29.775341,121.809998,65.589996,80.809998,161.110001,55.315407,133.07724,26.349325,33.589169,23.035,55.040001,58.380001,29.42,28.540001,71.849998,66.709999,48.09,22.584175,79.989998,85.379997,82.467377,43.404476,75.18,73.040001,33.077347,34.407181,98.491554,508.082275,510.459991,139.5,183.820007,74.379997,34.77618,84.971405,530.630005,24.07,46.400002,45.110001,43.462051,75.92453,36.139999,74.344124,25.520525,36.058998,118.889999,44.383209,28.99,30.446009,56,44.849998,48.191429,37.605263,106.278641,19.512402,77.910004,182.910004,44.990101,61.112679,1008.219971,67.824539,27.93,408.690002,45.794212,109.519997,39.524242,3.53,134.149994,57.592091,72.562325,19.849041,29.139999,68.18,75.495399,193.070007,51.221645,129.720001,64.834473,31.848158,62.900002,122.860001,74.096832,101.296066,50.292286
2015-01-20,54.90654,109.819099,74.059998,52.235458,83.740135,58.189999,61.02,183.320007,23.387415,154.563766,312.390015,20.275772,105.026352,76.396286,233.330002,357.529999,97.690002,29.443027,123.889999,67.220001,80.059998,158.929993,54.867195,135.296463,26.853846,33.213387,25.049999,56.060001,60.970001,29.84,28.98,73.650002,72.07,49.790001,23.888887,78.870003,84.800003,86.379341,44.402061,77.830002,74.059998,32.732689,33.767097,103.215164,539.952454,541.950012,143.330002,197.160004,79.900002,34.77618,87.92112,517.570007,24.65,46.799999,45.560001,44.843014,78.703918,37.66,76.910759,25.722343,36.058998,119.309998,45.285461,30.950001,32.100471,54.209999,45.700001,62.494286,38.313698,110.385094,20.245583,80.230003,190.080002,46.017361,61.160053,1037.98999,68.67128,28.66,420.209991,46.666718,118.379997,43.255535,3.57,135.100006,58.109791,79.450096,20.638977,30.16,69.769997,78.652557,201.289993,52.922943,135.339996,64.577309,33.08194,65.110001,125.57,73.668022,101.03894,51.973259
2015-01-26,48.389534,113.882149,70.129997,49.935608,79.574829,54.009998,58.16,183.240005,22.155476,147.261612,354.529999,20.521242,101.001221,74.551682,217.919998,389.160004,97.160004,28.768904,119.160004,66.349998,77.169998,151.119995,51.788162,136.191772,25.102303,32.08604,23.780001,54.130001,59.259998,28.99,27.879999,70.349998,71.099998,54.860001,22.306396,79.610001,80.709999,84.88765,42.853439,75.910004,72.529999,31.363903,32.654327,102.520805,534.522461,537.549988,138.070007,195.190002,79.709999,31.522772,85.3647,494.480011,24.84,46.720001,45.59,43.097626,74.808853,37.349998,72.982437,24.676569,34.399548,116.949997,38.777718,29.27,31.463409,53.150002,43.759998,63.114285,36.683327,106.816391,18.769445,79.339996,187.360001,43.401531,56.953224,1009.47998,59.423771,27.360001,416.660004,45.207611,116.699997,42.917217,3.55,131.289993,51.261589,81.601913,19.18302,30.18,67.010002,80.083138,203.600006,51.696003,131.940002,61.357964,32.345356,64.349998,110.139999,71.874809,92.592049,50.917763
2015-02-02,47.56879,116.058861,72.540001,52.714596,83.344826,57.07,61.130001,175.630005,23.513517,146.429855,374.279999,21.709314,102.827255,77.971664,211.779999,402,93.849998,30.411484,118.75,67.720001,76.720001,173.429993,55.461563,146.322525,25.930477,34.148026,24.120001,57.439999,62.169998,29.91,28.91,75.629997,75.07,55.139999,22.93771,79.690002,81.839996,76.925423,40.865192,74.470001,76.980003,32.072914,33.067924,95.33271,531.002441,533.880005,139.830002,192.639999,75.349998,31.998714,86.357773,512.27002,26.459999,49.060001,47.59,44.478596,76.472572,36.939999,72.708145,25.887463,35.053566,117.150002,40.707005,28.91,32.309662,53.889999,43.849998,63.48,37.721718,109.153152,19.942535,82.290001,206.779999,45.770107,59.454582,1022.419983,63.124676,27.99,406.859985,46.81953,117.879997,43.797256,3.72,130.190002,54.931492,80.147011,19.190763,31.309999,68.580002,81.819572,217.360001,52.576138,133.259995,63.882004,32.308525,65.959999,108.660004,74.213783,98.467735,52.315315
2015-02-09,47.805893,124.012108,76.510002,54.669472,85.572105,60.669998,68.769997,182.289993,23.49444,149.227448,381.829987,22.691193,108.138458,77.682518,212.130005,391.660004,100.760002,30.981167,115.879997,70.980003,80.330002,177.880005,57.946228,145.095627,28.015196,34.764694,23.375,60.23,64.510002,31.450001,30.32,77.199997,76.82,56.389999,23.766836,84.010002,84.900002,88.404465,41.019619,75.739998,78.699997,33.146278,34.19054,99.655342,549.012512,551.159973,143.179993,198.539993,75.940002,33.017292,88.737206,510.730011,26.23,52.490002,50.779999,46.703159,80.455727,38.869999,77.782631,25.337057,35.902813,117.739998,42.108376,31.85,33.203453,55.849998,43.709999,66.585716,37.090919,110.473083,21.809704,84.790001,205.550003,46.757812,61.06007,1103.369995,67.434471,29.469999,402.399994,47.41106,121.669998,45.066887,3.83,131.070007,56.672733,80.550499,20.391153,31.75,84.809998,83.131767,203.770004,56.067677,136.660004,65.701218,33.008282,67.900002,113.660004,77.053902,102.476913,54.875866
2015-02-17,50.404148,126.373688,78.550003,56.662682,85.514259,62.369999,71.620003,186.020004,24.478243,153.291641,383.660004,22.887568,110.013573,76.665489,209.630005,408.049988,107.160004,31.41173,123.43,72.080002,82.480003,175.889999,57.00108,145.529633,28.186543,34.254013,23.475,63.049999,64.919998,30.93,29.51,78.309998,77.690002,57.669998,24.419191,86.32,86.080002,91.180382,41.280216,79.900002,79.050003,33.756817,34.761692,100.349701,538.952454,541.799988,142.550003,203.139999,82.489998,33.065338,95.098755,513.309998,28.209999,53.25,51.650002,46.568043,82.050941,39.799999,81.309296,23.969749,36.088287,121.260002,42.39838,32.029999,33.165112,57.869999,47.77,68.314285,37.07151,107.627907,21.839031,84.660004,205.839996,47.524967,61.411861,1216.22998,68.043358,29.23,423.779999,48.268776,121.25,46.016647,3.86,134.610001,56.984322,82.961609,19.89551,31.950001,88.779999,87.104279,217.110001,56.599625,138,66.396515,33.063526,67.800003,118.610001,75.487961,106.00042,55.43293
2015-02-23,47.321808,125.358795,79.099998,56.476273,85.658882,64.239998,69.510002,180.369995,24.400318,153.349976,380.160004,22.897387,125.289429,74.442009,203.75,409.589996,107.07,31.11512,121.529999,72.059998,83.489998,180.600006,57.858536,144.957535,28.091351,33.208599,22.684999,62.490002,63.68,32.299999,30.51,75.040001,79.68,57.18,24.372896,85.599998,84.790001,90.637054,40.102711,78.970001,78.07,33.520481,34.466267,101.249435,558.402527,562.630005,140.050003,195.460007,85.849998,31.950668,95.9935,500,27.67,54.060001,52.169998,46.510132,80.700394,40.18,81.60569,24.481325,36.058998,141.119995,42.388714,30.67,32.973408,57.330002,49.32,67.844284,37.508217,98.159317,21.648348,84.900002,208.130005,47.793468,60.898438,1237.47998,68.985237,29.530001,413.839996,52.158077,124.709999,46.006805,3.89,134.970001,56.012894,86.356827,19.600668,33.029999,89.25,87.104279,203.339996,56.870438,140.759995,66.615585,31.820538,71.809998,119.43,81.311295,101.876968,55.208149
2015-03-02,47.420601,123.543694,77.550003,55.887779,82.920578,61.740002,69.959999,181.649994,23.289886,150.588669,380.089996,22.651917,125.554489,73.444931,213.309998,417.630005,113.769997,30.340111,118.029999,69.970001,82,183.520004,58.823166,147.50238,27.539232,32.59882,23.700001,61.610001,61.16,33.080002,31.77,76.059998,79.610001,56.360001,25.197811,87.029999,82.269997,89.331215,39.137543,80.010002,77.529999,33.087193,33.964046,99.567322,567.687561,572.900024,137.839996,193.139999,90,31.893011,95.777191,494.040009,28.620001,54.189999,52.25,45.98896,78.459259,39.990002,80.0541,23.839527,34.380024,136.619995,40.948368,28.5,34.190735,55.439999,50.040001,64.874283,37.07151,98.865784,22.129204,98.480003,204.190002,46.940014,58.626034,1215.98999,68.430214,28.98,422.130005,51.578339,121.900002,45.381832,3.9,136.190002,52.145512,89.309196,18.829418,32.720001,85.699997,83.703926,193.880005,55.748505,138.589996,66.977524,30.356571,70.660004,126.339996,80.596832,97.639236,54.39698
2015-03-09,48.625874,120.606354,77.620003,55.501877,83.284134,60.48,70.809998,176.889999,23.611326,149.98584,370.579987,22.573366,122.71727,74.830872,204.449997,413.350006,123.519997,30.033936,117.730003,70.379997,81.220001,191.130005,57.536987,147.245926,26.596827,33.034378,21.924999,61.150002,60.27,32.029999,30.969999,73.82,81.910004,55.299999,24.861111,87.330002,81.370003,90.420021,39.407791,78.050003,77.400002,32.622292,33.647549,97.415787,547.32251,553,136.369995,188.210007,89.309998,29.721329,96.131149,493.450012,28.08,51.990002,50.110001,45.168587,77.203751,39.540001,80.604034,23.290745,33.686951,135.479996,40.001026,28.719999,33.788155,59.759998,50.709999,62.628571,35.732277,93.930344,22.276407,104.669998,210.229996,47.870182,58.692589,1157.77002,65.683815,28.57,429.380005,52.388573,119.449997,45.908386,3.91,136.410004,49.267883,91.444748,18.198395,32.040001,82.519997,85.265717,188.679993,55.245567,150.100006,65.199646,29.804129,71.230003,124,81.937668,92.553963,52.979885
2015-03-16,55.086929,122.860596,77.360001,58.91708,85.117004,60.98,72.870003,187.710007,23.49444,165.386963,378.48999,22.995575,131.242172,74.65139,212.690002,475.980011,125.169998,31.478704,128.5,73.730003,85.120003,189.009995,57.926739,150.510818,27.07279,34.031311,28.790001,64.059998,63.790001,32.450001,31.379999,73.410004,83.809998,57.279999,24.381313,92.370003,85.379997,94.933601,40.826584,83.800003,80.290001,34.026894,34.913536,100.036751,560.362549,564.950012,143.009995,196.020004,95.550003,30.086479,98.746567,509.029999,29.110001,53.25,51.380001,46.83828,77.713806,41.790001,82.528786,22.323399,33.911472,137.520004,41.451038,28.68,34.689171,63.060001,53.689999,61.185715,36.217506,98.777473,23.032036,108.029999,214.789993,49.500374,60.480083,1179.170044,67.023521,29.620001,488.869995,53.090115,122.559998,47.960457,3.98,139.789993,51.788097,100.429794,18.993015,33.139999,86.349998,87.924706,198.080002,57.334686,152.020004,66.759544,31.268095,71.5,131,86.351654,95.648933,52.745331
2015-03-23,52.024349,120.274567,73.309998,56.765697,82.071915,58.720001,71.290001,180.589996,22.237896,158.085037,370.559998,22.576281,126.240234,75.23967,207.330002,429.869995,128.779999,30.895058,118.68,73.279999,82.370003,180,54.506672,148.419708,25.825764,32.134232,29.605,63,63.610001,31.27,29.77,70.629997,81.720001,58.240002,24.255051,90.040001,82.379997,92.726295,39.735947,83.300003,78.400002,32.384895,33.331055,98.775169,548.342529,557.549988,138.800003,187.169998,94.360001,30.749516,95.433052,497.25,30.08,51.509998,49.57,45.052773,70.661392,41.560001,79.366692,21.030502,34.85117,137.990005,39.604691,26.68,33.203453,61.630001,53.82,59.252857,34.063087,101.878067,20.981037,99.919998,215.419998,47.515373,59.110939,1135.189941,64.143158,28.950001,454.5,51.444942,120.739998,46.784328,3.85,138.960007,48.351444,97.260918,18.198395,32.380001,83.790001,85.17675,185,54.897381,151.199997,64.931686,30.807728,70.480003,120.339996,83.474243,88.306709,50.751621
2015-03-30,48.586357,122.294594,75.68,60.045837,83.322922,59.82,70.839996,169.940002,21.692421,151.560959,372.25,22.457249,123.099236,76.57576,208.509995,412.440002,120.379997,30.550608,114.309998,72.769997,82.489998,189.580002,56.708866,149.563904,26.023411,32.250378,29.625,62.57,62.18,32.150002,30.65,70.959999,81.120003,57.650002,23.952021,90.419998,84.580002,96.982529,39.620125,81.559998,79.629997,32.879475,33.667332,96.26178,535.53241,541.309998,139.330002,183.009995,88.790001,29.606018,96.848915,508.290009,29.49,52.080002,50.07,44.512291,69.39608,42.48,78.70874,21.067707,35.909943,135.660004,38.94735,26.73,33.375988,58.099998,54.459999,59.154285,34.577435,109.413689,20.667007,99.269997,215.580002,47.227695,58.188667,1160.439941,65.042671,29.370001,438.269989,51.341194,120.139999,46.449699,3.92,140.139999,48.067348,94.977753,18.346413,32.959999,82.510002,84.633095,191,54.858696,151.330002,64.682869,30.282911,72.269997,117.230003,84.139763,89.042908,50.995949
2015-04-06,47.153858,124.031624,76.529999,61.975327,83.730225,62.740002,71.449997,182.679993,21.916454,158.853149,382.649994,22.744909,124.871582,73.215599,214.789993,425.649994,122.199997,30.187023,117.07,75,84.93,191.809998,58.539135,147.601013,26.896296,32.666573,31.525,62.799999,63.799999,33.040001,31.82,71.830002,82.870003,58.360001,24.132998,94.459999,88.849998,98.190102,38.616352,82.040001,79.059998,33.00806,33.964046,99.528206,540.01239,548.539978,141.850006,188.160004,93.809998,30.682251,97.482719,530.359985,33.23,52.549999,50.490002,44.879044,71.701111,42.619999,78.875679,22.537331,36.664806,138.339996,40.329697,28.02,33.711472,70.239998,54.509998,64.938568,34.581501,116.566643,22.335287,101.339996,220.020004,47.256462,60.128292,1189.5,66.181427,29.4,461.390015,51.113934,117.669998,47.409298,3.95,141.929993,50.93581,98.058052,19.927866,32.060001,82.93,86.273956,210.899994,55.806534,151.679993,66.290611,30.872179,72.860001,128.470001,90.060959,91.809937,50.488068
2015-04-13,47.608307,121.738358,73.150002,61.184235,81.005165,60.349998,71.900002,181.339996,20.93265,159.047607,375.559998,22.625877,119.977943,71.251343,207.869995,419.440002,120.910004,29.852146,113.470001,71.809998,81.75,186.740005,57.178665,142.600113,26.781189,32.231018,31.6,60.700001,64.019997,32.799999,31.15,69.260002,79.139999,56.029999,23.48064,93.339996,85.550003,95.121658,39.127892,80.779999,77.43,32.266197,33.064007,99.146797,524.052368,532.73999,138.270004,191.160004,101.660004,31.201151,94.219826,540.700012,33.189999,50.57,48.700001,44.560547,69.307808,42.509998,76.243874,24.881287,36.243259,136.910004,40.233028,28.02,33.145943,69.82,52.209999,81.650002,35.068974,110.561691,21.785736,99.730003,214.050003,46.297523,59.681416,1187.530029,64.219711,28.790001,447.519989,49.602158,119.75,46.867985,3.88,138.059998,52.631226,92.783157,18.883951,32.09,80.709999,85.997185,206.789993,55.448677,152.050003,66.166206,31.203644,71.839996,125.07,85.108688,95.208893,47.823071
2015-04-20,52.073746,127.13485,76.540001,60.325611,82.430733,62.639999,75.739998,180.080002,21.234608,163.257629,445.100006,23.746756,117.664047,72.318222,216.899994,401.709991,120.279999,30.847218,118.709999,73.32,87.550003,185.75,58.372746,146.10173,27.64448,35.928391,32.785,59.73,66.989998,32.709999,31.02,69.910004,81.139999,59.889999,24.915825,93.269997,87.339996,97.893158,40.449135,81.529999,79.269997,33.591663,34.270653,101.415688,565.062561,573.659973,142.539993,189.589996,107.339996,30.826391,99.789421,505.920013,34.720001,52.849998,50.950001,44.492989,75.232216,43.389999,80.368347,28.090277,36.096207,141.779999,46.274746,29.200001,31.420588,76.059998,51.41,79.771431,35.215214,119.892914,21.618908,95.330002,229.350006,47.208515,62.885597,1233.089966,65.301041,29.42,480.089996,51.568455,121.18,51.021347,3.97,136.940002,53.465187,91.907288,19.218939,34.310001,81.57,89.931313,218.429993,52.933998,157.080002,67.697388,32.409805,72.68,133.199997,84.149559,95.505699,48.626488
2015-04-27,48.893852,125.83696,76.43,61.039524,83.429604,57.59,74.660004,172.5,19.461811,155.916824,422.869995,22.863939,120.913345,71.2015,202.470001,386.220001,115.919998,30.474064,110.550003,72.110001,83.949997,187.440002,57.16888,143.801254,27.941835,36.257477,31.9,59.139999,66.940002,32.740002,30.5,68.519997,77.730003,59.330002,24.957912,85.050003,86.519997,100.654755,41.624813,78.989998,78.660004,33.285027,34.122295,102.696838,537.900024,551.159973,138.839996,191.229996,98.279999,32.114025,99.158524,497.959991,33.529999,53.110001,51.41,45.351967,75.752075,43.32,79.513992,26.062567,37.890236,141.130005,47.038422,28.99,31.727316,73.889999,49.27,79.575714,35.770935,124.013954,22.325472,100.989998,222.039993,46.844116,62.343643,1260.430054,65.473289,29.139999,471.160004,50.244411,116.190002,49.495823,3.93,134.179993,55.15218,96.739334,19.585087,33.849998,80.82,86.155342,226.029999,53.824341,154.270004,66.194916,32.161209,75.709999,125.599998,81.683197,95.103569,47.205807
2015-05-04,48.547367,125.05928,76.309998,60.508915,84.709702,57.27,76.43,163.020004,19.179333,157.841965,433.690002,24.847795,121.435204,71.231407,193.539993,398.429993,121.660004,30.234865,113.209999,68.019997,85.699997,180.669998,57.16888,144.285904,28.037756,35.502518,31.895,63.09,66.589996,31.33,28.91,66.860001,79.18,61.880001,24.755892,87.040001,85.709999,101.71386,41.508217,78.510002,80.139999,32.088146,32.431015,101.562386,538.219971,548.950012,138.270004,195.809998,103.830002,31.746164,101.287788,494.320007,33.740002,50.41,48.82,44.917652,75.546089,43.150002,78.856041,25.253344,38.664703,128.470001,46.158749,27.18,31.190542,71.309998,54.099998,82.085716,34.756992,126.80056,20.441301,103.980003,221.089996,47.480839,63.218372,1204.76001,66.420662,27.700001,481.290009,50.664356,115.949997,49.149754,3.87,134.009995,52.941654,96.158699,19.888914,33.77,81.93,85.918106,236.610001,53.230724,154.289993,63.58234,33.008282,73.660004,127.410004,83.209984,92.422707,41.728836
2015-05-11,48.181084,126.186211,78.919998,60.952698,85.117004,58.799999,77.959999,160.559998,19.676107,158.639572,426,25.214809,125.905457,73.135826,192.979996,391.23999,122.779999,30.320976,115.529999,67.339996,86.860001,181.199997,55.436489,143.247375,28.344704,34.360397,35.985001,63.57,65.610001,31.76,29.459999,68,78.370003,62.880001,25.00421,85.349998,87.370003,102.357246,41.566513,80.419998,80.980003,33.265244,33.617878,106.892342,533.849976,546.48999,139.770004,199.070007,106.860001,31.930063,100.873764,503.660004,33.400002,51.610001,49.43,45.737114,77.223373,42.509998,79.445251,25.067316,39.65485,132.320007,46.690418,26.33,32.772114,70.669998,55.360001,87.60714,34.513252,138.467041,20.902529,102.720001,223.050003,48.118683,63.389042,1198.800049,67.999588,28.360001,489.01001,49.641682,118.160004,50.156841,3.91,136.800003,52.617931,96.139709,19.070921,34.400002,81.830002,87.662979,248.839996,54.116283,151,62.749756,34.103954,73.739998,126.209999,84.62912,93.514198,42.208931
2015-05-18,42.181961,129.880554,80.040001,64.734505,84.195724,56.389999,77.660004,171.940002,19.715309,159.831619,427.630005,25.284245,130.602173,71.550476,203.800003,398.679993,127.190002,29.976528,116.089996,68.330002,87.220001,175.330002,56.640354,142.10994,28.066532,34.33136,42.314999,64.809998,65.610001,33.150002,30.959999,69.150002,77.18,62.560001,25.13468,84.919998,90.440002,111.849617,41.197296,80.540001,80.57,33.740036,33.875031,109.249245,540.109985,554.52002,142.050003,205,107.690002,32.375282,105.240723,495.269989,34.889999,57.439999,53.759998,45.717682,79.528404,44.669998,78.952721,24.863174,39.380352,129.410004,45.631718,27.33,33.244316,69.660004,54.860001,88.83857,32.309864,143.826813,20.565495,107.18,224.399994,48.186333,62.740368,1208.5,66.51635,28.52,513.880005,47.937222,113.400002,50.828232,3.91,138.240005,51.600536,103.165916,19.374746,36.68,80.269997,89.684135,247.729996,53.882729,151.240005,63.926857,36.101944,73.440002,125.080002,84.941994,91.178024,41.444698
2015-05-26,41.94437,127.665909,79.089996,65.958855,82.925323,54.150002,76.269997,163.839996,19.705521,152.679352,429.230011,25.056101,145.79512,71.111755,197.399994,396.98999,125.57,29.368895,114.440002,67.290001,84.720001,179.020004,57.217819,141.03186,28.114492,33.157585,39.935001,64.720001,65.010002,33.939999,31.450001,70.790001,74.989998,62.759998,25.824917,83.760002,87.139999,106.33744,40.332539,79.190002,80.150002,33.077301,33.232147,109.796913,532.109985,545.320007,141.669998,206.080002,110.150002,33.352829,102.667862,487.75,33.68,57.529999,53.75,46.485146,80.67601,41.5,76.824982,24.36289,40.772442,127.279999,45.5928,27.93,33.891804,72.629997,54.560001,89.151428,32.563351,139.114578,21.817564,112.25,219.529999,47.751438,60.632172,1172.040039,66.679024,27.969999,512.559998,47.759365,111.809998,51.302155,3.86,137.300003,51.4618,107.767929,19.187777,38.880001,76.260002,86.33535,250.800003,54.417953,152.619995,64.00341,35.936211,72.580002,128.289993,84.342636,93.217392,40.406136
2015-06-01,41.300903,126.068611,78.860001,65.38623,81.713104,54.610001,75.239998,160.259995,19.7251,153.646667,426.950012,25.561985,141.600555,69.606163,205.889999,387.859985,123.849998,28.616589,110.720001,66.239998,83.790001,173.970001,57.442928,137.263489,27.414268,33.498112,38.035,64.599998,66.290001,34.450001,31.889999,75.510002,77.639999,62.900002,26.611952,83.529999,86.879997,105.484833,40.701759,82.139999,80.220001,32.750881,32.935432,111.449684,533.330017,549.530029,140.220001,210.210007,108.940002,30.817009,104.097229,495.079987,35.669998,55.240002,52.09,45.299946,81.843239,41.200001,77.20916,24.183544,39.233303,125.550003,44.892269,26.59,32.944729,74.139999,55.130001,90.459999,33.089821,143.226715,21.945728,106.980003,222.089996,46.804337,60.60355,1178.160034,65.773277,28.809999,539.400024,48.3349,116.949997,51.52924,3.88,136.399994,50.342663,104.20063,18.696981,40.240002,76.410004,87.167595,249.139999,52.345169,156.279999,65.13266,34.113159,74.040001,127.349998,82.426651,90.833344,39.367565
2015-06-08,40.301044,124.618309,79.860001,64.308914,81.79747,54.060001,73.440002,169.039993,19.206276,152.542557,429.920013,25.194971,138.311874,69.75573,207.600006,388.769989,122.029999,29.069901,111.32,67.849998,83.709999,172.259995,57.022068,137.263489,27.375902,33.809448,38.695,63.610001,71.910004,32.509998,30.379999,72.620003,78.769997,62.75,25.260942,80.540001,87.410004,106.763741,40.837788,81.529999,80.32,32.236523,32.342003,115.485031,532.330017,547.469971,142.160004,215.270004,105.489998,30.313717,103.239616,495.660004,37.950001,56.029999,52.580002,44.483906,80.189438,40.91,75.485298,24.664949,39.674458,128.389999,44.726868,25.129999,32.809433,73.699997,54.919998,94.418571,32.641346,147.574966,20.811966,103.809998,225.449997,46.388771,62.015381,1174.170044,64.588081,28.43,492.290009,48.067474,117,51.963673,3.81,135.820007,49.528744,103.422127,18.618587,39,76.099998,89.357185,250.690002,51.586117,155.320007,63.924847,34.589497,74.25,124.360001,83.576241,89.052483,39.553722
2015-06-15,41.142509,124.059746,79.699997,65.910332,82.343765,53.57,72.290001,184.399994,19.304167,157.037155,434.920013,24.808119,141.092163,70.533447,210.869995,411.049988,137.929993,29.397829,117.220001,69.43,83.730003,169.669998,59.224258,138.766876,27.845915,34.042953,35.82,62.490002,70.510002,33.91,31.950001,70.519997,79.559998,65.949997,25.744949,84.029999,89.870003,107.745224,41.760841,82.510002,85.269997,32.365112,32.549702,117.585472,536.690002,557.52002,144.839996,218.089996,107.769997,31.039619,102.835442,494.75,34.610001,56.759998,52.82,45.921692,81.931839,41.110001,76.480217,25.174673,40.233253,133.720001,44.853352,24.469999,34.365345,71.620003,55.98,93.871429,33.080074,146.9552,21.561235,104.620003,229.449997,46.485413,61.767353,1158.459961,64.443542,28.77,522.280029,49.988987,119.75,53.247211,3.87,137.089996,49.343761,108.595695,18.869448,39.16,90.940002,91.586411,262.51001,53.045826,154.729996,65.089737,35.141106,75.25,128.039993,86.975883,87.147156,40.121998
2015-06-22,41.023712,124.206734,82.739998,63.862461,81.270683,52.200001,71.129997,184.449997,19.362902,154.399033,438.100006,24.837877,133.449539,70.902367,203.360001,408.730011,134.839996,28.828777,117.919998,69.110001,79.660004,171.5,59.968109,136.551361,27.126507,32.758678,36.634998,63.830002,70.959999,33.84,31.549999,69.730003,81.660004,67.629997,25.690235,80.809998,90.849998,109.757759,41.877434,88.010002,85.010002,32.444244,32.579372,117.291016,531.690002,553.059998,145.449997,218.059998,104.050003,30.023355,101.770813,497.149994,33.455002,56.119999,52.799999,44.075886,81.567604,40.73,74.884407,25.391777,40.449574,139.410004,44.036064,19.66,33.582558,69.059998,56.599998,93.08857,31.549402,142.134735,20.447189,100.519997,232.410004,46.379105,61.834129,1140.900024,62.314056,28.780001,520.630005,49.79089,117.309998,53.928474,3.86,135.729996,46.300823,105.343742,18.618587,39.099998,88.839996,91.893547,267.089996,51.479076,157.979996,63.953728,35.378868,74.510002,126.870003,85.256409,80.856705,39.534126
2015-06-29,38.63792,123.902962,80.75,62.484268,78.851395,50.830002,69.910004,185.220001,19.196487,149.748093,437.709991,24.431185,135.908218,68.848389,197.029999,404.279999,136.839996,28.48156,119.519997,68.480003,80.309998,171.800003,61.265354,134.899612,26.41728,31.795475,35.645,60.529999,69.57,33.18,31.25,68.709999,79.809998,67.800003,26.031145,82.019997,89.239998,106.149071,40.9058,87.290001,83.849998,31.870537,32.005722,112.91346,523.400024,547.340027,144.449997,220.070007,105.580002,29.578135,99.966858,486.290009,33.130001,50.700001,47.599998,43.182129,81.931839,39.139999,73.68264,24.608313,40.882504,133.600006,43.199326,19.07,33.398941,70.120003,55.490002,94.044289,30.710945,142.577423,20.131706,98.120003,231.240005,46.050518,61.710121,1143.069946,60.810886,27.9,511.079987,48.840042,116.169998,53.553291,3.73,134.639999,44.534252,103.323586,18.05415,38.970001,86.870003,89.485985,280.019989,50.574055,156.229996,61.80685,34.884323,73.059998,131.259995,84.313156,77.904297,38.484158
2015-07-06,40.796024,120.806366,80.589996,59.69878,79.524498,52.509998,69.980003,192.529999,18.374201,150.568863,443.51001,25.155294,128.206345,67.72168,187.75,388.230011,141.669998,29.2628,118.839996,69.919998,80.900002,177.389999,62.1007,141.160431,26.368952,31.260363,36.634998,59.709999,69.160004,33.380001,31.32,68.809998,80.470001,72.07,26.25,83.120003,89.75,107.041328,41.12928,87.949997,86.349998,32.187065,32.737621,111.637489,530.130005,556.109985,145.470001,219.449997,108.330002,28.232794,103.123779,487.869995,32.400002,50.860001,47.779999,41.812347,77.305138,38.950001,74.835159,23.956999,40.744755,136.110001,43.403645,17.57,31.185873,71.220001,57.650002,97.228569,30.004402,137.678268,19.471165,92.730003,235.899994,46.176151,60.470001,1143.189941,60.444729,28.07,526.01001,50.375267,116.610001,53.879108,3.73,134.770004,42.499458,98.74128,18.281492,39.029999,88.440002,90.308319,259.149994,47.693562,163.110001,59.496315,34.675091,73.239998,122.949997,91.485825,74.272545,40.106094
2015-07-13,40.984116,127.019142,82.099998,60.620804,80.373207,52.189999,72.720001,204.300003,17.395287,159.528732,483.01001,25.60166,131.978287,68.05072,198.440002,404.660004,149.089996,29.446054,134.520004,71.330002,78,185.669998,63.162083,143.099014,27.238894,31.30901,35.939999,60.59,69.709999,33.310001,31,67.050003,81.669998,73.470001,27.899832,85.379997,91.239998,109.837074,40.672611,94.970001,88.040001,32.839909,33.617878,116.073936,672.929993,699.619995,148.100006,239.759995,117.040001,28.523155,105.505226,489.809998,35.32,52.73,49,42.327229,76.054955,40.369999,76.539314,22.946993,41.217041,140.059998,45.359287,20.120001,30.480398,68.470001,59,114.769997,30.53389,148.489883,19.786648,91.279999,238.690002,45.857231,61.509796,1216,61.996075,29.040001,551.97998,51.771828,115.110001,54.984928,3.86,136.419998,44.534252,101.411835,18.399082,38.040001,92.18,93.627388,274.660004,48.034161,166.910004,58.514336,35.20768,75.389999,134.169998,94.079773,76.035439,40.921982
2015-07-20,39.231895,122.001884,80.980003,56.767708,77.827095,51.779999,72.519997,200.990005,17.003721,154.955963,529.419983,25.968676,126.863457,65.60788,206.25,300.029999,144.990005,28.047535,134.899994,68.120003,83.550003,184.330002,61.098286,143.40564,27.451546,29.976089,36.419998,61.599998,69.279999,31.799999,29.5,65.010002,78.529999,72.290001,28.23,85.389999,92.290001,104.790848,39.19532,96.949997,85.989998,32.473923,33.291489,110.744308,623.559998,654.77002,147.020004,221.100006,108.540001,27.158457,105.426178,546.080017,34.639999,51.950001,48.939999,39.063068,74.273178,39.84,72.914284,21.908667,41.354794,148.889999,44.697678,18.34,32.4422,65.940002,58.77,109.339996,30.494669,146.237045,19.145824,90.279999,241.850006,44.56221,61.910446,1197.420044,59.39444,28.459999,541.849976,52.187824,117.610001,56.564674,3.88,132.919998,43.766579,96.287529,18.069828,37.400002,80.860001,92.705971,265.410004,47.713024,169.539993,54.307236,35.103062,74.449997,125.5,93.450935,74.426682,39.74239
2015-07-27,39.697174,118.866096,81.989998,56.612419,77.817337,50.580002,76.709999,197.440002,16.993933,172.543503,536.150024,25.581823,123.565491,65.039543,172.660004,318.779999,146.270004,28.105404,131.25,71.720001,80.769997,185.860001,61.334148,143.71225,27.470879,30.433369,35.790001,63.099998,75.610001,33.02,30.299999,64.610001,78.029999,71.550003,28.120001,87.540001,90.07,120.395477,40.956467,94.010002,86.860001,33.156437,34.112404,115.681328,625.609985,657.5,147.979996,219.300003,104.279999,28.019863,104.517067,533.169983,33.029999,52.459999,49.139999,39.830532,75.671036,41.48,71.525352,21.908667,44.404991,153.550003,45.437126,18.51,32.896408,55.990002,62.419998,114.309998,30.543695,136.3797,19.668343,96.989998,240.309998,45.249344,61.853207,1243.569946,62.044258,29.049999,553.659973,52.653347,120.720001,57.196571,3.96,140.970001,46.80027,94.277229,17.826807,40.66,79.379997,91.665665,266.149994,48.969971,166.029999,54.875244,35.93047,78.110001,135,94.94442,82.903961,35.78093
2015-08-03,41.169044,113.71447,82.690002,57.854729,78.324615,53.029999,74.529999,189.619995,16.621944,168.361572,522.619995,28.547688,121.00808,63.115173,176.080002,309,133.839996,28.047535,128.600006,63.59,80.860001,183.850006,57.806034,143.672668,27.209896,29.149096,37.740002,67.620003,75.260002,29.440001,27.75,66.919998,77.260002,73.360001,28.549999,83.75,87.879997,119.998917,39.136616,94.300003,87.510002,30.050491,30.354006,112.324547,635.299988,664.390015,144.830002,210.5,102,28.18432,104.190987,532.98999,32.07,52.150002,48.889999,40.714577,71.290436,41.279999,70.303879,21.540533,45.369247,149.169998,45.476048,18.440001,33.051033,56.349998,61.060001,123.519997,29.925959,145.391006,22.655563,96.339996,244.460007,46.439087,60.05027,1317.349976,60.724167,30.049999,579.039978,52.564205,121.769997,56.631527,3.94,142.949997,46.260391,87.318344,17.803288,40.360001,74.32,90.853241,242.509995,49.303101,165.610001,43.77504,35.863899,77.660004,137.740005,91.652855,80.447479,33.893581
2015-08-10,42.54829,114.147591,86.120003,57.107399,80.958519,54.860001,73.370003,186.580002,16.289114,164.639069,531.52002,28.448494,120.425499,63.125145,164.240005,312.609985,135.509995,28.336884,129.240005,64.25,80.82,179.820007,57.865002,144.890869,28.060507,28.818298,35.790001,67.169998,77.550003,28.309999,27.120001,66.309998,77.779999,72.82,28.26,84.82,88.260002,120.603668,39.342083,94.419998,89.580002,29.58559,29.938604,113.463104,657.119995,689.369995,145.100006,208.070007,105.800003,28.32095,104.368851,529.869995,28.120001,52.02,48.169998,40.351574,71.575912,41.580002,70.776703,21.795395,45.743145,150.399994,45.729012,16.950001,32.538837,54.360001,59.400002,123.389999,30.151482,123.994064,23.207659,91.620003,254.369995,47.102226,60.251217,1283.800049,59.654602,30.26,576.299988,53.208012,127.400002,56.532516,3.94,145.529999,48.625286,88.049614,16.933115,41.23,72.489998,92.439621,243.149994,49.616634,171.039993,42.042137,35.692711,76.800003,136.880005,90.493439,79.474518,32.743481
2015-08-17,39.442501,104.107018,78.870003,52.196396,77.290565,51.759998,68.040001,173.809998,15.243082,152.339233,494.470001,27.000278,110.047729,61.689346,152.910004,295.640015,126.169998,26.359669,119.050003,61.720001,76.900002,177.529999,55.801201,137.849152,25.586,26.638926,31.635,62.849998,73.910004,27.1,25.99,60.950001,76.349998,65.529999,25.77,76.610001,84.809998,113.525078,38.334316,86.059998,84.870003,27.617174,27.634113,103.38295,612.47998,644.030029,138.100006,199.949997,104.309998,25.920206,88.222412,506.839996,25.049999,48.439999,45.25,37.719524,68.662086,39.52,68.529228,21.31399,42.505997,138.910004,42.181625,14.53,30.704359,51.5,56.099998,103.959999,29.621992,112.336418,21.255941,80.330002,238.169998,44.55695,55.961235,1216.920044,55.511253,27.549999,527.179993,49.523464,120.440002,52.314857,3.72,143.429993,45.540638,78.137863,16.439232,40.130001,69.510002,84.982887,230.770004,45.031208,162.570007,38.383785,33.115379,73.919998,125.470001,84.446739,76.526733,31.101883
2015-08-24,38.321243,111.519325,79.400002,55.224247,76.490639,47.52,71.900002,178.860001,15.745276,153.026382,518.01001,28.984135,126.01429,62.138035,152.130005,303.690002,133.179993,26.542843,124.040001,63.130001,78.860001,181.589996,55.801201,138.80127,25.131699,27.233454,34.75,63.720001,68.690002,27.110001,25.709999,59.619999,76.730003,67.910004,27.25,78.699997,84.459999,115.76432,37.854889,91.010002,86.779999,27.775438,27.614332,105.787659,630.380005,659.690002,139.399994,201.699997,119.93,27.735401,85.188774,514.23999,26.77,49.32,45.790001,39.93084,71.782639,40.240002,70.753242,22.27408,42.112423,140.429993,43.023888,15.96,33.249241,50.369999,57.740002,117.629997,31.004549,116.451408,22.503378,86.730003,240.990005,43.8353,56.928398,1259.390015,55.357082,27.360001,536.700012,48.929184,119.230003,55.077129,3.83,142,47.372734,87.575279,16.455025,40,70.599998,84.784309,248.479996,47.020187,159,39.385021,33.143909,73.940002,134.050003,86.23214,78.299255,32.291302
2015-08-31,40.285927,107.562149,76.889999,52.788315,74.285957,45.369999,72.580002,171.979996,15.15446,144.319321,499,27.873177,119.625694,61.908707,146,302.26001,126.510002,26.35784,117.389999,59.830002,77.610001,183.020004,54.818439,137.343323,24.667728,26.302814,31.959999,61.75,67.889999,26.73,25.23,58.93,68.089996,66.370003,26.48,73,83.099998,110.518112,36.690575,88.260002,84.110001,26.775734,26.327175,100.173393,600.700012,628.960022,133.270004,193.160004,115.879997,27.832993,84.121567,508.399994,22.809999,47.200001,43.810001,38.277245,68.950378,40.200001,69.211258,21.909245,41.886116,134.240005,41.731117,16.82,32.166939,48.049999,57.189999,98.790001,29.974985,106.338074,21.53315,84.43,234.649994,43.211174,54.429104,1245.25,52.752956,27.27,499.98999,48.097893,115.449997,53.740543,3.78,141.559998,45.063919,82.387169,15.515414,39.220001,67.209999,82.599922,241.929993,45.589691,157.699997,41.724438,32.230907,72.809998,126.989998,86.242004,77.085464,31.475422
2015-09-08,41.823936,112.424942,79.190002,55.126415,76.874771,46.299999,74.669998,171.929993,15.262776,150.395615,529.440002,28.9147,129.430756,61.320431,144.029999,315.369995,132.880005,26.99074,123.970001,62.52,79.18,184.449997,55.43758,139.892242,25.15103,27.919188,34.43,62.790001,70.459999,26.940001,25.379999,58.110001,66.459999,68.910004,26.32,74.800003,84.489998,115.863678,37.83532,92.050003,86.07,26.75584,26.307283,107.603462,625.77002,655.299988,135.240005,206.410004,131.009995,28.760107,88.252052,515.299988,24.26,47.330002,43.93,39.696007,71.006531,40.59,72.166725,21.698027,41.99435,132.770004,42.583172,16.799999,33.171238,48.650002,60.93,97.510002,30.965326,115.997093,22.424175,88.410004,245.850006,44.576454,55.032383,1290.410034,53.11248,27.690001,533.299988,49.706451,111.050003,55.968182,3.81,140.020004,45.746281,87.120705,15.783875,39.82,66.919998,87.336082,250.240005,46.608673,165.059998,43.014317,32.991741,73.870003,134.059998,89.171654,77.576759,31.750658
2015-09-14,43.153572,111.676819,81.25,55.439468,77.561951,46.48,71.949997,166.580002,15.686195,147.82373,540.26001,30.848961,126.379662,59.794899,142.570007,314.670013,130.649994,26.844687,122.620003,63.240002,79.900002,191.389999,56.430168,140.645996,24.687061,27.586117,34.169998,61.830002,72.300003,28.280001,26.24,60.939999,66.650002,70.07,26.02,81.919998,83.919998,125.680443,36.377483,94.400002,86.529999,26.288361,26.168037,106.854576,629.25,660.919983,137.350006,208.880005,125.93,28.32095,84.477303,511.459991,26.43,48.700001,45.549999,39.069794,70.403526,41.91,68.875191,22.120466,42.161617,134.600006,42.583172,15.5,32.683712,49.59,61.360001,102.620003,30.749609,113.597153,23.057796,90.080002,246.309998,45.376118,53.921585,1294.469971,52.908428,27.360001,550.359985,48.77309,111.32,56.275105,3.82,137.050003,42.670982,88.316437,15.926001,41.84,68.639999,85.658066,260.619995,46.834026,167.229996,44.374298,32.021675,73,124.160004,85.314774,73.087654,31.52457
2015-09-21,39.928715,112.91713,83.129997,53.257889,78.828308,46.970001,70.550003,149.25,14.376551,135.985275,524.25,31.801212,125.537727,59.615421,134.339996,284.790009,108.690002,26.640213,108.389999,60.709999,79.639999,183.529999,55.565338,144.355301,25.160696,25.97954,32.669998,61.290001,71.919998,27.84,25.950001,59.169998,70.110001,69.489998,25.33,68.839996,80.550003,119.281662,35.917629,92.769997,87.779999,25.840771,25.591167,98.675919,611.969971,640.150024,131.110001,175.539993,106.620003,28.116007,86.838989,475.910004,25.940001,47.959999,44.470001,38.179398,62.356846,40.950001,67.708817,21.726828,42.112423,136.229996,43.03368,14.91,31.69891,43.610001,60.68,102.239998,28.99445,111.720665,23.374605,86.709999,252.220001,45.53215,50.905193,1252.76001,51.713249,26.73,490.670013,48.733376,105.690002,57.413677,3.8,140.050003,40.091091,86.735298,15.744395,42.73,64.889999,83.37439,256.910004,46.216755,169.149994,42.276039,31.213289,73.779999,103.279999,84.160675,67.885689,30.571068
2015-09-28,38.331169,108.6548,83.989998,54.480747,79.868874,44,70.230003,166.070007,14.711347,139.852905,532.539978,31.206053,122.16008,57.222427,148.509995,290.350006,113,26.951794,116.440002,61.34,80.519997,183.139999,57.70776,144.662766,25.100515,26.753439,33.384998,63.27,71.57,26.09,24.389999,58.959999,66.949997,66.489998,25.530001,71.059998,82.139999,121.835213,35.203384,92.07,88.220001,28.148338,27.888704,96.843117,626.909973,656.98999,137.639999,163.610001,126.459999,29.775057,88.439804,464.869995,28.91,44.290001,42.380001,39.285057,64.92704,41.889999,70.634628,19.134586,43.031136,133.929993,44.630062,15.91,32.459454,43.66,58.459999,106.110001,29.347443,121.182144,24.55274,85.879997,252.320007,46.585369,49.851849,1265.680054,53.510872,26.860001,479.070007,48.385845,105.389999,57.502781,3.83,141.869995,40.362167,83.069031,15.515414,40.700001,66.360001,86.20417,247.570007,47.784424,165.759995,43.062889,30.328817,79.879997,115.18,85.926353,77.082321,33.482304
2015-10-05,42.091846,110.367615,83.82,55.459034,83.677765,51.57,73.459999,161.080002,15.41048,146.842102,539.799988,31.811131,115.80098,58.807785,144.220001,269.160004,102.690002,28.237066,117.379997,64.080002,79.480003,186.630005,59.701424,152.706192,27.195473,28.487368,33.634998,66.940002,76.019997,28.9,27.26,62.560001,63.360001,65.040001,24.299999,64.269997,82.720001,124.537796,38.13863,93.239998,92.18,28.745123,28.525251,99.178467,643.609985,671.23999,141.699997,147.770004,105,31.365791,91.90551,469.649994,28.41,45.150002,43.259998,40.32222,65.707985,41.98,75.586761,21.458004,44.453651,137.429993,46.138298,18.16,33.873276,42.549999,57.950001,113.330002,32.702457,127.562241,25.810078,87.32,253.699997,48.818581,52.935268,1313.290039,56.144146,27.32,503.920013,48.693657,110.199997,59.473003,3.85,148.630005,45.830406,78.56279,16.581358,39.610001,67.980003,89.004166,220.690002,49.841984,165.800003,46.122849,30.737768,81.129997,110,84.209999,83.447624,33.798176
2015-10-12,43.371868,109.304489,88.669998,58.883034,85.101196,52.040001,70.949997,160.720001,15.587726,149.806625,570.76001,33.894176,119.921516,58.119804,151,272.369995,108.839996,28.15917,117.879997,65.25,80.900002,187.270004,60.520603,150.811859,27.52677,26.870995,35.525002,64.900002,75.470001,28.49,26.709999,62.009998,63.459999,71.709999,24.549999,69.019997,86.220001,126.564743,36.680794,97.540001,91.949997,29.501051,29.320934,101.326599,662.200012,695.320007,144.839996,150.220001,107.779999,32.244114,92.817635,467.329987,26.889999,45.830002,43.720001,43.052116,67.497231,42.389999,72.977257,22.936541,45.293327,132.25,46.530045,18.5,38.748531,43.549999,60,98.989998,33.353352,138.040985,27.582233,93.220001,254.039993,48.984364,50.301914,1336.569946,58.213844,28.190001,514.590027,49.944756,110.379997,59.334393,3.96,149.479996,36.978401,78.661613,16.352377,40.540001,83.199997,84.605591,227.009995,51.507629,166.110001,48.327965,30.661686,79.529999,114.32,86.94236,77.159943,33.403336
2015-10-19,45.316704,117.218834,87.860001,62.238556,88.870811,52.389999,74.080002,171.160004,16.188391,152.888947,599.030029,34.61829,128.350784,59.037113,157.600006,276.98999,104.139999,27.019951,120.080002,64.629997,80.43,183,61.171997,154.46167,28.598608,27.791838,37.169998,68.830002,81.139999,29.77,27.809999,62.43,62.529999,74.919998,28.16,56.599998,85.110001,124.607361,38.191204,102.190002,95.75,30.256977,29.947536,106.411148,702,719.330017,149.919998,147.429993,110.019997,34.059307,97.100609,500.029999,27.1,44.259998,42.540001,45.028599,73.715118,42.119999,74.430275,23.752617,45.965073,141.580002,51.779488,17.24,37.003189,40.959999,62.240002,100.040001,34.19162,139.848358,28.304955,96.089996,260.029999,50.50568,52.52351,1366.48999,59.010628,27.99,536.700012,49.309277,116.080002,61.987759,4.02,120.309998,38.464642,81.576836,16.297106,41.27,82.900002,89.788567,209.089996,57.788094,165.910004,48.9011,31.745876,81.150002,114.370003,88.737625,67.282074,31.863466
2015-10-26,45.862453,117.632263,88.660004,58.814556,85.395691,55.189999,60.82,176,16.51334,155.274307,625.900024,34.479416,121.961967,59.455891,187.470001,290.51001,117.040001,26.981003,122.709999,66.290001,84.940002,190.940002,61.803654,156.822128,28.111408,26.43996,46.485001,68.110001,82.099998,29.440001,27.52,62.970001,65.489998,72.07,27.9,59.990002,86.379997,135.427658,38.595291,101.970001,96.510002,30.714512,30.524406,106.549103,710.809998,737.390015,151.710007,143.279999,117.529999,33.044361,96.594978,496.600006,27.620001,44.52,42.639999,43.463066,75.71196,43.57,75.893181,23.599003,45.599567,136.320007,51.554234,16.559999,39.957592,44.09,63.619999,108.379997,33.530869,142.742111,28.087149,78.349998,276.26001,50.708576,50.416824,1454.23999,57.737717,27.370001,557.390015,50.222782,119.019997,61.948158,4.08,121.370003,35.576286,76.32943,16.265524,37.889999,83.779999,91.734657,206.929993,55.937622,173.960007,47.900543,31.355947,71.610001,124.739998,83.529373,64.836868,29.573402
2015-11-02,45.086281,119.677986,90.690002,60.360249,86.023964,63.880001,62.380001,172.149994,16.789053,157.512436,659.369995,34.71748,128.439926,61.071159,200.300003,295.350006,114.919998,26.679159,116.739998,60.169998,83.669998,190.259995,60.806824,156.256805,27.721649,26.51833,51.695,69.050003,82.019997,29.01,27.530001,63.740002,67.970001,72.379997,29.4,55.299999,89.139999,132.466736,40.487606,107.099998,95.900002,29.9188,29.669046,106.756035,733.76001,761.599976,153.690002,155.839996,100.209999,33.257477,97.437691,500.959991,29.700001,46.130001,44.200001,44.011002,76.01841,42.150002,75.794334,23.637407,44.33511,150.240005,53.787205,16.450001,39.548073,44.959999,60.560001,114.059998,33.92535,145.003784,31.235441,80.889999,273.329987,51.907963,51.661686,1449.900024,51.907585,26.75,562,50.044052,108.449997,61.354122,4.1,125.879997,36.852451,84.97628,16.241835,39.110001,77.419998,92.717636,232.360001,56.835072,172.639999,46.346272,31.061123,70.120003,117.959999,83.519508,65.875107,30.708565
2015-11-09,43.20686,111.057533,89.019997,56.867767,83.491249,60.450001,58.57,166.440002,16.976147,149.519135,642.349976,34.310787,116.425003,53.373699,193.949997,284.839996,107.440002,25.832048,107.489998,56.549999,80.830002,186.479996,59.444813,152.802567,25.538994,26.381184,48.625,65.900002,77.910004,29.98,28.68,62.619999,62.209999,69.889999,28.190001,57.990002,82.989998,124.398697,38.043365,103.949997,94.379997,29.859121,29.529802,101.070396,717,740.070007,151.070007,165.649994,107.360001,31.557259,95.70269,498.790009,26.75,45.349998,43.580002,42.909317,74.703659,43.360001,71.899841,22.27408,42.744656,146.729996,51.750111,15,37.861237,48.779999,55.200001,103.650002,30.877985,146.277817,29.50289,77.82,259.829987,51.475399,48.11055,1297.75,50.469486,25.73,548.900024,44.49353,105.230003,59.337791,4.08,122.769997,31.40197,73.947845,15.562789,38.720001,77.949997,84.781212,207.190002,55.355759,155.199997,48.561104,31.679304,71.660004,123.050003,78.439369,58.442448,29.168694
2015-11-16,41.963852,117.938087,91.809998,58.129753,85.690193,60.549999,56.919998,173.589996,18.003244,157.767105,668.450012,37.207218,125.200951,53.463436,206.690002,290.160004,97,27.794611,113.510002,58.75,84.449997,186.479996,62.080006,162.179352,26.864178,29.280861,55.834999,65.129997,75.050003,30.77,29.059999,63.82,68.419998,72.419998,29.059999,59.369999,84.639999,125.688171,39.13736,107.32,96.790001,30.376335,29.907751,104.982353,756.599976,777,156.130005,174.339996,113.129997,34.063362,102.315521,516.570007,29.99,42.790001,40.860001,45.243916,77.481438,43.380001,71.718018,23.5606,43.416401,148.089996,53.429985,15.43,39.293396,51.869999,57.130001,123.839996,30.621571,161.655197,31.195044,79.769997,270.5,53.520256,49.486237,1281.530029,48.215172,26.309999,579.570007,50.480942,103.019997,61.572643,4.19,121.910004,32.674381,77.912849,15.863251,38.439999,84.980003,90.36364,220.009995,57.31831,170.509995,51.203354,32.697945,73.779999,130.550003,81.074821,59.878521,29.543791
2015-11-23,41.456703,116.465088,92.169998,59.13739,85.101196,63.049999,57.900002,182.460007,18.438967,161.32872,673.26001,36.9394,128.806412,55.268154,205.580002,293.209991,96.449997,27.715984,112.690002,59.610001,86.419998,187.240005,60.787083,162.656631,26.620579,28.576387,51.349998,64.730003,76.849998,31.08,29.459999,63.07,75.080002,68.879997,29.1,62.330002,85.730003,123.079826,39.748425,105.449997,95.739998,29.739763,29.380611,106.421005,750.26001,771.969971,156.630005,185.559998,116.75,33.866806,99.321411,519.23999,29.950001,41.990002,40.509998,44.790787,76.740036,42.919998,70.894821,23.87266,43.880692,156.539993,53.173634,15.56,38.477852,51.740002,57.82,125.440002,30.266541,162.533188,31.195044,88.360001,268.100006,53.146679,49.871044,1244.98999,47.631393,26.82,563.099976,52.28809,106.389999,61.76136,4.14,120.690002,32.873787,81.214996,15.513208,36.889999,82.790001,90.960693,231.610001,56.756172,170.979996,49.697662,32.688274,74.879997,133.059998,83.40313,59.89793,29.0305
2015-11-30,44.718353,117.671165,92.580002,58.303089,85.827629,65.290001,56.619999,175.759995,18.84498,159.266724,672.640015,38.57608,146.160217,54.23119,208.300003,284.450012,98.110001,28.502253,110.360001,60.130001,86.910004,184.529999,59.958035,165.858459,26.776482,26.476778,54.099998,62.959999,76.209999,30.73,29.4,61.52,77.239998,70.379997,29.35,62.700001,86.650002,125.359634,39.561161,106.18,95.449997,29.839228,29.171743,102.548462,766.809998,779.210022,158.350006,178.830002,109.110001,34.338543,97.784691,521.400024,32.25,42.310001,40.880001,45.0075,76.789467,43.490002,70.45842,24.906363,43.959721,156.699997,55.125862,15.5,37.485447,51.41,58.27,130.929993,30.8484,177.526962,33.540386,90.449997,258.609985,52.802589,47.889286,1300.47998,51.360264,27.1,558.659973,53.777496,108.529999,61.334255,4.09,116.639999,32.712364,87.184647,15.942806,35.450001,84.370003,87.607262,230.380005,58.067829,184.080002,44.898865,31.789131,75.32,125.169998,83.839073,62.663349,29.139082
2015-12-07,41.854469,111.887947,91.419998,56.058014,82.308144,61.099998,51.810001,188.059998,18.141884,153.070877,640.150024,36.919559,143.050003,52.47633,193.679993,283.459991,93.790001,26.684006,108.360001,60,84.309998,178.020004,57.214275,159.11673,25.490274,25.353043,48.689999,58.299999,75.080002,27.370001,26.25,59,76.449997,67.169998,27.969999,57.119999,85,122.661697,38.900826,102.120003,91.739998,28.009089,27.311832,98.567528,738.869995,750.419983,153.179993,174.820007,106.5,33.680077,95.296204,523.469971,30.549999,41.389999,39.599998,42.672901,78.287941,42.279999,66.302719,25.598747,42.211208,149.740005,53.301811,14.04,37.131718,52.560001,58.470001,118.910004,28.659029,170.976471,32.288216,83.279999,248.929993,51.367256,45.455379,1285.329956,46.571609,26.799999,534.51001,53.297855,101.080002,59.417248,4.01,116.199997,34.165192,80.748924,15.632541,36,82.480003,87.467949,217.020004,55.434654,182.470001,40.772453,30.464582,75.050003,117.639999,80.955925,60.237545,33.581017
2015-12-14,40.860065,104.819572,91.309998,54.324966,82.258751,59.52,52.32,182.130005,17.924023,156.671982,664.140015,38.15947,139.297836,50.013538,191.919998,293.369995,104.440002,27.73564,110.139999,59.02,80.620003,178.289993,55.664745,156.809814,25.59746,24.840462,48.59,58.860001,74.709999,26.219999,24.98,57.16,76.089996,68.980003,27.459999,61.02,85.629997,124.802132,38.526302,104.040001,91.459999,27.680857,26.963722,100.546799,739.309998,756.849976,152.139999,181.940002,113.230003,33.286961,94.750916,534.179993,32.650002,38.860001,37.529999,41.786343,76.452065,43.43,64.576965,25.540236,42.774288,145.839996,53.370831,14.36,36.591297,53.169998,56.860001,118.019997,27.219175,180.172913,31.940386,84.099998,251.380005,51.563877,44.753338,1285.670044,46.542171,26.07,544.22998,52.690842,100.419998,58.225327,3.99,116.75,32.380016,75.741165,16.078047,37.889999,84.349998,85.288712,230.460007,54.182171,184.940002,38.292191,30.184204,75.099998,116.510002,81.748543,57.11311,32.327404
2015-12-21,43.564842,106.796738,94.300003,55.930004,84.886139,61.849998,53.040001,189.410004,18.924204,161.358322,662.789978,38.605835,145.378464,48.807076,193.929993,302.290009,105.839996,28.472767,122.139999,60.689999,82.599998,181.889999,56.553009,160.83696,26.679041,25.757193,48.740002,60.73,76.209999,27.09,25.549999,58.310001,76.68,68.949997,27.66,62.619999,88.25,125.907188,40.911404,105.019997,93.059998,27.392412,27.281996,102.506279,748.400024,765.840027,157.089996,189,108.919998,34.377853,96.753601,547.450012,32.580002,39.740002,38.32,42.938869,79.776497,44.27,68.207001,27.003021,44.7994,148.820007,54.889229,14.48,37.210323,54.82,58.610001,117.330002,26.154078,182.19455,32.963989,86.419998,253.419998,52.910728,48.01371,1273.069946,48.622486,27.02,537.630005,54.064087,104.040001,59.913883,4.09,120.989998,34.801399,78.656578,16.595156,39.669998,85.449997,85.248901,230.570007,55.967209,184.929993,40.301891,30.996336,76.959999,124.839996,85.662086,59.403069,34.044952
2015-12-28,42.11301,104.058365,93.940002,54.472672,83.681091,60.93,52.630001,190.75,18.48848,160.154663,675.890015,38.39753,144.215988,48.109116,189.039993,306.350006,104.760002,28.069805,119.760002,60.169998,81.379997,183.100006,55.694351,160.588379,26.464674,25.579762,46.330002,60.02,75.650002,26.68,25.219999,57.18,77.220001,68.720001,27.48,61.220001,87.410004,123.746849,40.231354,104.660004,91.459999,27.084072,27.013453,100.141052,758.880005,778.01001,158.190002,191.949997,108.449997,33.856979,95.672951,546.159973,32.264999,42.360001,40.77,41.835598,78.813896,45.110001,66.491165,26.495922,44.463303,148.960007,54.701893,14.16,37.338058,54.07,58.599998,114.379997,26.16394,179.608063,32.755295,84.25,253.419998,51.996441,46.973167,1274.949951,49.054253,27.32,542.869995,53.546631,105.07,59.625835,4.07,120.599998,34.810894,76.187401,16.706532,39.119999,85.25,85.079742,240.009995,54.053967,185,40.350906,31.189697,76.879997,125.830002,84.374092,58.754982,33.067726
